Price,Close,High,Low,Open,Volume
Ticker,ACI.NS,ACI.NS,ACI.NS,ACI.NS,ACI.NS
Date,,,,,
2022-11-21,451.5956115722656,469.19025203996176,433.90242578867907,443.56221306298903,22187351
2022-11-22,448.34283447265625,471.161640105941,443.56221348885657,454.207694580194,4464605
2022-11-23,458.05194091796875,464.90249507887563,449.0821209296197,452.33489857943283,1736495
2022-11-24,495.2125549316406,501.71813997302866,458.347613138425,461.3046945135116,4878787
2022-11-25,526.3605346679688,531.0918532842735,486.1442361864076,488.8548943705592,3312638
2022-11-28,531.8311157226562,539.1745470892661,506.9916181570803,520.3970908912223,1577078
2022-11-29,531.4368286132812,546.5179315017654,526.360481552248,534.5417279409836,885600
2022-11-30,509.0123291015625,535.4781849558984,495.4097358990042,533.2603737894912,469673
2022-12-01,523.2554931640625,527.3461462134976,506.6465778574538,510.49080747407885,547914
2022-12-02,514.4828491210938,531.0917642361976,507.97723447273734,523.2554871307981,270405
2022-12-05,512.0187377929688,525.3748788726244,510.58946952348873,517.0950255723146,410127
2022-12-06,497.6768493652344,515.9122167893754,494.818343041155,514.5814939130915,235149
2022-12-07,507.3858947753906,517.4892564489171,498.41607498074507,498.41607498074507,490412
2022-12-08,520.3477783203125,526.8040606436168,496.98682335202835,509.9486606559803,422580
2022-12-09,513.74365234375,526.8040960009362,509.01233384373114,522.9598658785578,235446
2022-12-12,526.3112182617188,527.3461847227047,505.46377025882543,512.5607776744046,351782
2022-12-13,522.861328125,546.567253790836,517.4892844728384,527.346223224702,741309
2022-12-14,509.8994445800781,533.4575529538561,507.7309059585702,525.5227290579121,316805
2022-12-15,505.8088073730469,516.1585924743558,500.83103553763397,512.4622406524597,367466
2022-12-16,501.3238830566406,507.33662137709837,493.83260400562705,502.11242608054175,509306
2022-12-19,502.99957275390625,510.0473080301856,500.6339134683462,500.6832162107267,140417
2022-12-20,503.1474304199219,505.6116650089488,497.7753869834476,505.56239234956377,109997
2022-12-21,491.9598083496094,507.04094235833355,478.0615189976049,503.1474396042048,326458
2022-12-22,488.3127136230469,500.2396148908288,464.90248533997857,490.92479623632846,533055
2022-12-23,479.5400390625,486.9327426451696,470.96449087420814,478.0614983459661,295703
2022-12-26,485.4542541503906,488.90418286008884,470.17599843601283,476.3365854176168,195031
2022-12-27,509.3572692871094,512.5607741253931,483.03923289096826,487.9184292155184,309484
2022-12-28,516.6513671875,525.1775814347083,509.9979348378323,509.9979348378323,201311
2022-12-29,519.0171508789062,520.7913880027912,513.7929848400283,517.4893372489494,293939
2022-12-30,518.7213745117188,524.3891139956947,514.6307210802324,521.6291833228496,151449
2023-01-02,517.7357177734375,526.3112666828044,515.517906512152,521.3335245509819,188657
2023-01-03,517.9328002929688,522.7133909832729,516.5035323028659,520.3477620470084,85226
2023-01-04,525.3255004882812,532.1760841404682,515.8628043119598,518.9677637152159,258179
2023-01-05,550.7564697265625,562.6340692560544,521.0871072342732,527.2476941439663,797190
2023-01-06,554.2556762695312,570.4210805373325,530.9440512812846,553.516405833418,524972
2023-01-09,554.4528198242188,569.5339244910413,550.3128934038016,557.064932729072,166981
2023-01-10,551.1507568359375,561.8455113646659,539.2238247957453,557.2620107597937,145658
2023-01-11,561.944091796875,565.1475971056811,547.2080155059534,551.3478819292852,165310
2023-01-12,564.2112426757812,576.138115440465,557.5084756668178,564.4576661639936,144471
2023-01-13,606.7931518554688,620.00147442145,565.8375815950016,567.0696989925004,1417432
2023-01-16,619.7550048828125,644.2494728599106,608.2223748669117,610.1444898965582,709501
2023-01-17,601.0761108398438,629.85838392155,596.3447922887914,622.8599814983245,219546
2023-01-18,608.5674438476562,624.4370917273146,602.2097060983835,602.2097060983835,391405
2023-01-19,593.7820434570312,608.173150672329,592.549926052914,608.173150672329,174650
2023-01-20,596.6405029296875,607.2859849689756,591.6627607896758,596.3448067934257,224041
2023-01-23,608.9616088867188,613.5451090558689,596.1968623271266,599.6467905777205,248054
2023-01-24,613.89013671875,628.872695734154,599.2033339970683,606.2017364835498,1333094
2023-01-25,629.9076538085938,644.0523969002546,607.433845668586,613.89012846642,473741
2023-01-27,612.4115600585938,649.1779276157589,598.2668777665427,630.8440465769081,317561
2023-01-30,617.9315185546875,628.1334261663517,609.4545150741639,613.0030491457715,167060
2023-01-31,641.1445922851562,645.5309420562328,620.0014466584461,620.9378678710098,191098
2023-02-01,623.7962646484375,658.4434239716128,611.2286693555661,645.0380130573387,163414
2023-02-02,639.0745239257812,650.5578802711134,617.0442924995712,621.7756105055121,190407
2023-02-03,642.6231689453125,655.4864626843915,624.782072735961,642.2288673089798,148144
2023-02-06,651.1493530273438,670.0746875546973,642.7709550478052,645.6294913644398,251998
2023-02-07,655.239990234375,663.371964539653,647.995164463555,654.4514471826225,104797
2023-02-08,624.141357421875,665.1461974887993,620.9871250716551,658.4434913458184,142665
2023-02-09,616.0093994140625,630.7455348825029,607.7295467965769,624.2891918695685,179986
2023-02-10,635.9697265625,649.3751397537663,611.1302278497585,611.1302278497585,354949
2023-02-13,666.9697875976562,721.3307689523821,660.4641718960688,667.7583306688238,781247
2023-02-14,631.0411376953125,670.3210087534035,597.5768235444302,670.3210087534035,815168
2023-02-15,645.1859130859375,649.5229901956009,616.0093984852299,632.8154670017111,478718
2023-02-16,626.556396484375,648.1923310097221,609.4052973309302,648.1923310097221,311898
2023-02-17,629.3162841796875,637.743955014954,620.0014647672429,620.9871586698935,245245
2023-02-20,614.4321899414062,635.6739389001076,611.6722594066761,631.6818309859373,236415
2023-02-21,612.5101928710938,620.4450164661372,598.3161771249202,616.9458152715256,590176
2023-02-22,615.8614501953125,623.894878416881,602.3574336294358,602.3574336294358,408904
2023-02-23,623.402099609375,627.7391165366774,613.1015866438154,617.4879363941614,201969
2023-02-24,625.2255249023438,627.8869100227465,612.0665375875346,626.4083694182973,359875
2023-02-27,620.1985473632812,632.8154158970582,613.6436595668474,624.7327147519594,989436
2023-02-28,620.69140625,645.5309023768586,611.7708892722803,622.9092173298628,682925
2023-03-01,625.8170166015625,630.7454855930318,619.0157053285449,623.6484782129211,118949
2023-03-02,638.9268188476562,642.573898428983,623.9442590466821,625.7677687563538,128127
2023-03-03,639.5181884765625,647.5516178036053,635.7725636995659,642.1303013689578,147645
2023-03-06,634.8853759765625,642.7216540085368,627.9362464621615,642.7216540085368,174698
2023-03-08,621.3814697265625,637.3003903987856,617.6357847100561,637.3003903987856,78921
2023-03-09,612.756591796875,626.3098819220518,607.483093723711,620.987111189919,83688
2023-03-10,626.802734375,629.8583612017984,611.0809056584594,611.1301783178639,118547
2023-03-13,631.8297119140625,643.6087645975853,623.7470108993037,629.8583243573884,203997
2023-03-14,630.3511962890625,639.71528755528,612.1158606653757,631.6325862194128,120020
2023-03-15,630.252685546875,644.6437920070103,627.0491804642713,634.7868532913069,102240
2023-03-16,620.8392333984375,631.8297436436125,615.1222212293774,626.9012745044267,192953
2023-03-17,613.3480224609375,626.408466490841,606.8424668580042,623.9442317682176,184140
2023-03-20,614.0872802734375,619.7550200191394,603.5896165057371,610.1445047981666,336443
2023-03-21,613.6929931640625,622.0713912470135,609.5531269467772,616.0586825699233,85903
2023-03-22,619.9521484375,620.9871149299878,612.2637485707622,615.0729519306547,36897
2023-03-23,638.5324096679688,650.5578856471748,618.7199890335031,619.4099867021902,171664
2023-03-24,644.2001342773438,650.557870957734,627.6404914126321,641.7358999176554,96928
2023-03-27,649.227294921875,656.4721208393189,626.7041537778728,647.4529978170499,153380
2023-03-28,642.3767700195312,659.6756870997232,636.8568477097762,652.4801331764564,185367
2023-03-29,633.899658203125,645.6294384784393,624.9791413527263,642.623084423263,497621
2023-03-31,641.1445922851562,649.325839405805,634.7868547663581,637.1032113051392,110896
2023-04-03,629.8583984375,648.5865824285994,627.394163701829,648.5865824285994,530973
2023-04-05,621.824951171875,632.7169165184912,617.2907834540105,632.7169165184912,192919
2023-04-06,611.179443359375,629.2669611216509,609.2080557119538,622.9584965851122,110876
2023-04-10,601.6182250976562,616.9458127938423,598.3161747220543,616.9458127938423,77196
2023-04-11,603.4417724609375,612.3622895560794,598.5625759886185,605.6103109110767,88766
2023-04-12,602.4561157226562,608.0745829105407,599.3018832520913,603.4418096095841,75481
2023-04-13,575.0537719726562,599.6467835110604,566.034649873316,591.4162645607132,417231
2023-04-17,542.3287353515625,574.462328844397,538.8788070861734,574.462328844397,387789
2023-04-18,537.6466674804688,549.8199612170985,532.7181987349552,546.0743370029026,244800
2023-04-19,522.1220703125,541.8852209542893,518.9678378034258,540.8995270553274,208263
2023-04-20,522.3684692382812,529.1697207243014,518.4749664879627,523.5019810716288,98906
2023-04-21,535.9710693359375,543.9058933645144,521.4320840068248,521.4320840068248,429336
2023-04-24,546.665771484375,550.0171545554173,529.3175842226865,541.1459101271041,178753
2023-04-25,552.7771606445312,555.2413955441252,546.1237264156274,546.6658460611411,183746
2023-04-26,545.6801147460938,556.2763240889714,543.1173346907482,554.9456613990767,90932
2023-04-27,536.7595825195312,547.9472439921009,528.6276081277337,545.680099971471,140501
2023-04-28,542.9694213867188,545.0886871828715,536.1681700669757,536.2174427260073,51762
2023-05-02,536.9567260742188,552.6292823915664,534.8374602268491,543.6101595776624,112550
2023-05-03,537.1045532226562,542.0330220165439,532.2746297398575,540.1601798100776,39598
2023-05-04,532.0775146484375,549.0314604691068,529.5147347684891,546.9615275016082,78562
2023-05-05,541.1459350585938,542.0330836070882,532.4225683669765,534.6896522373762,68551
2023-05-08,543.1173095703125,550.3128626193385,535.2317587961519,542.0823430635995,74775
2023-05-09,537.35107421875,544.0537809629229,531.0918816169692,534.2461142501045,75758
2023-05-10,538.4352416992188,541.1458996665833,526.6561886813671,533.7531961192255,79842
2023-05-11,534.2952880859375,543.117259229224,532.2746279197478,541.392295157262,100476
2023-05-12,540.7515869140625,545.1872089508923,535.4288765670512,537.1538406924851,157427
2023-05-15,520.1998901367188,544.9901126608895,515.2221486017228,544.7929618733506,194808
2023-05-16,531.1410522460938,536.1188538049558,520.1506030489161,522.41768663778,93111
2023-05-17,533.6053466796875,537.104608009867,528.3319085971012,531.0918393708098,58609
2023-05-18,527.5926513671875,539.2238271650256,521.7277607254784,536.2174728514713,100237
2023-05-19,532.274658203125,535.3302849539452,523.206263105047,530.5989666912014,64402
2023-05-22,535.0838623046875,537.2031280673582,529.5640010168592,536.1188889378842,47235
2023-05-23,529.958251953125,538.4844665231691,525.3747520961288,538.4844665231691,60332
2023-05-24,532.0283203125,536.0203688586404,525.2270078546419,525.3748860149375,48100
2023-05-25,524.8820190429688,535.6753796359673,522.417784211781,528.3319478066314,88598
2023-05-26,524.1920166015625,529.0219408925805,517.6371881060184,521.4320856475448,78927
2023-05-29,538.9281616210938,560.0220359989945,534.2461154067358,557.9027699634917,617788
2023-05-30,536.069580078125,543.2158605415545,531.3382615968019,541.934470559818,186063
2023-05-31,537.8438720703125,540.5051973295598,531.3382565782088,540.0616832276705,158650
2023-06-01,536.8580932617188,543.7579491037798,534.6895551075345,540.1601430642035,127568
2023-06-02,537.1045532226562,540.1109071545332,532.7674766192462,540.1109071545332,122302
2023-06-05,545.5816040039062,550.1651049587058,538.8296244780465,539.6674402748666,251479
2023-06-06,577.9615478515625,586.3892781502999,549.0807309300068,551.0028459132623,810963
2023-06-07,588.8042602539062,600.6325877199218,580.3765889667671,585.8965112147652,359198
2023-06-08,574.5609741210938,592.648432357783,570.3224424004281,587.4735396012286,363324
2023-06-09,574.856689453125,579.5880080990887,568.2525283488515,579.5880080990887,126927
2023-06-12,571.8502807617188,582.9886086425795,568.4003524700024,577.3208693061883,185913
2023-06-13,561.3526611328125,572.6388680202931,558.4448521726873,571.8503249536437,217310
2023-06-14,556.5720825195312,566.724717617364,553.6642734935258,561.3526738510118,170636
2023-06-15,555.7341918945312,569.2382099464356,553.3192298805444,556.9170365709716,222314
2023-06-16,558.099853515625,565.7389806288271,555.7341642802944,556.9170088979597,122441
2023-06-19,547.405029296875,568.0060538393077,546.1236393856847,564.8025489803441,187007
2023-06-20,523.4035034179688,551.7914780116308,502.7039298364671,548.6865780715973,2102589
2023-06-21,529.6624755859375,541.392254458287,526.5575765869987,529.2189615589233,312267
2023-06-22,532.1760864257812,539.7166076115418,523.74835662703,531.2396653190342,210166
2023-06-23,527.4447021484375,544.9900990475825,525.7690709011464,534.64031466104,242356
2023-06-26,525.7691650390625,534.6404103873348,522.4177816204776,529.8104860773711,109395
2023-06-27,532.373291015625,534.1968609637677,521.481384640989,531.1905063770289,249526
2023-06-28,532.7182006835938,536.907399132604,522.2205381524615,536.907399132604,291476
2023-06-30,528.578369140625,536.217497086247,523.9948683084585,532.7675683366112,259326
2023-07-03,537.35107421875,544.0537809629229,534.3446595790842,537.203196063297,313325
2023-07-04,530.2047729492188,545.8279972016194,527.346236574025,541.9837669262872,160389
2023-07-05,528.7755126953125,533.9504057486824,524.9805550256519,532.8168336817229,137220
2023-07-06,531.091796875,534.2953016614681,527.0012037833096,528.775440555728,134137
2023-07-07,526.902587890625,533.2110520255802,524.4383534882163,531.6832387284815,114843
2023-07-10,530.2047729492188,540.4066807508584,527.0012677737691,535.2317877751319,187860
2023-07-11,526.8533325195312,530.2047154815455,523.501949557517,529.3175670027845,137610
2023-07-12,531.1410522460938,537.2030928633775,522.5162319478285,529.3175428763922,191264
2023-07-13,526.0155639648438,534.93608156066,524.4876903188256,534.93608156066,130335
2023-07-14,522.3684692382812,529.3175988669885,519.1649642172055,527.8390580880305,168758
2023-07-17,524.7833862304688,526.2619268827011,520.2491587997722,526.1633214087018,169300
2023-07-18,522.9598999023438,528.3319438262573,520.9885120522458,527.3462499012082,129229
2023-07-19,523.6991577148438,526.6069667560002,521.8263753996106,523.4034615768576,122853
2023-07-20,522.2205810546875,525.8183876124339,520.9391911032906,524.8819664380363,89932
2023-07-21,524.7955932617188,528.311384663961,524.0528178761515,527.3705237527993,100950
2023-07-24,523.3594970703125,533.5602659351765,521.873946445899,527.8656552082582,166910
2023-07-25,519.4476318359375,527.2715574285606,515.2880772227355,523.3595946322491,179692
2023-07-26,519.6951904296875,524.4984471914086,517.0706931595407,522.9138838434969,68398
2023-07-27,517.1697387695312,523.9042233124604,514.0005517942665,523.8547170443122,109580
2023-07-28,518.0610961914062,522.8644137325281,516.9222100960881,519.8438056401153,126489
2023-07-31,515.5355834960938,523.4090140562016,510.3856624698639,519.893222929183,611663
2023-08-01,507.6622009277344,519.8437658067941,505.5824539932307,515.5851385025549,212871
2023-08-02,496.81768798828125,514.9414254502719,494.09417825322544,508.05836148496047,782572
2023-08-03,503.6017150878906,509.19731387886475,489.3899398956543,490.23175805015904,190006
2023-08-04,510.58380126953125,516.9221755706128,504.6415980299738,508.05837698216277,219478
2023-08-07,512.3663940429688,519.942726522611,506.57277069774386,519.6951347480765,196244
2023-08-08,513.6044311523438,519.4476221003298,512.515051357332,516.9717039778305,120084
2023-08-09,513.50537109375,517.3678271863591,512.2179058786184,513.6539503462404,101887
2023-08-10,506.671875,516.9716880270821,502.1161797504418,513.5054027625328,145243
2023-08-11,514.5947265625,520.4379166947606,508.35542585426964,514.7928120740906,452473
2023-08-14,533.9564819335938,538.710232242783,499.1450518563902,499.1450518563902,687565
2023-08-16,542.2755126953125,546.682658535631,529.8959235074585,534.7487466479824,293689
2023-08-17,557.873779296875,561.8352477249688,540.4433423921464,541.6317950100168,662867
2023-08-18,553.1696166992188,563.5189665755064,549.7033313160654,557.0320731621919,278680
2023-08-21,552.7734375,557.3786083837699,541.285142529666,557.3786083837699,133681
2023-08-22,576.047119140625,579.5629106910235,552.5754038781508,555.1998407494204,496917
2023-08-23,584.1185913085938,594.2203493367626,575.1062735225407,580.2561953062367,506619
2023-08-24,576.2947387695312,594.2203621831684,574.4130167770628,593.0319093693579,175693
2023-08-25,588.1295166015625,592.2395645141166,577.3345507742326,577.3840570430267,233258
2023-08-28,643.29296875,652.6024441180022,587.5848166874665,596.1515166946349,1343484
2023-08-29,642.500732421875,674.2419896567028,629.2793542457224,642.5502386933117,912181
2023-08-30,643.0453491210938,670.9242073028682,636.8555547154787,648.5914411768514,490605
2023-08-31,663.99169921875,672.4098203919906,644.778551420938,649.6808811347978,799886
2023-09-01,657.9009399414062,678.4015537274307,655.6231073978965,670.6767014094672,213625
2023-09-04,647.5020751953125,667.1609007456904,636.8556275992416,667.0618277555358,295439
2023-09-05,649.928466796875,658.5941796875,641.0646683793068,653.64234375,232065
2023-09-06,633.4884033203125,654.632718850125,631.3590896625637,653.6423516506543,162170
2023-09-07,617.9890747070312,639.0838819946079,616.0578467591296,636.8060497381748,229982
2023-09-08,627.1005249023438,633.6369242619363,618.137713806448,620.9602361555409,312152
2023-09-11,635.1719970703125,646.7097994476145,628.8831893556435,631.7057117746515,381754
2023-09-12,602.6384887695312,643.2435471747092,590.1598852434139,637.5489353252025,355748
2023-09-13,599.4197387695312,622.2476902961768,595.6068492858604,602.6384321210405,272209
2023-09-14,613.9286499023438,617.2958621054764,609.3729245255641,613.0372952457169,128905
2023-09-15,606.40185546875,618.6824335553982,600.7072437776515,614.0772016611002,146730
2023-09-18,598.7759399414062,615.9588458383923,595.3096550019073,613.928605320414,201679
2023-09-20,593.1309204101562,607.6892694051974,588.1790845758661,600.1129968470624,215443
2023-09-21,588.5257568359375,597.4390623664775,583.2768223351749,593.1309888722719,129147
2023-09-22,580.1076049804688,594.1213254640487,578.0773642483846,592.7347871631422,127665
2023-09-25,582.6329956054688,593.2299364427199,577.92875153518,588.2781005792582,91821
2023-09-26,578.6715087890625,599.1721207110998,576.1955909348844,586.0992623515967,157690
2023-09-27,578.17626953125,589.2683925390741,574.4623931076844,580.3055828596439,155404
2023-09-28,578.3743896484375,590.9025577126862,574.5119337578598,579.315250488164,181136
2023-09-29,583.1776123046875,593.2298620254032,574.5119006306937,581.3454574439261,170987
2023-10-03,603.3317260742188,606.5999258300636,578.8696435064036,584.762340589625,214693
2023-10-04,597.736083984375,611.5517178785228,595.210659829947,603.3316825859548,183677
2023-10-05,593.3289794921875,606.5999244675902,589.4665835883983,602.2422845047726,90209
2023-10-06,581.8406982421875,599.1226170283556,580.4046537911258,593.7251039935173,154870
2023-10-09,596.4485473632812,633.6368174714177,583.3261841377711,583.3261841377711,2466451
2023-10-10,622.2972412109375,636.8061456921426,602.1432917275625,603.3317445243637,1447632
2023-10-11,642.6987915039062,650.9683332516875,627.2490272767734,633.7854869122888,1192678
2023-10-12,642.20361328125,660.5254062059912,636.7070874932708,648.6409999845374,659928
2023-10-13,643.4910278320312,666.0218795183393,641.7578853946229,647.9971860798506,486142
2023-10-16,652.4043579101562,657.801870949292,645.7688859376045,649.2846772190628,320960
2023-10-17,664.1897583007812,667.5074640992434,649.5818427288764,656.5639190992254,345481
2023-10-18,654.0879516601562,682.3629197732186,649.8788915599587,669.1910496667479,417765
2023-10-19,641.01513671875,652.4538651918434,635.8652154582953,646.7097478213113,341627
2023-10-20,626.5062255859375,646.7097393241055,622.9409280778904,643.5900586691547,256619
2023-10-23,598.1818237304688,629.4774048990687,592.2396201834773,626.902474207594,282439
2023-10-25,587.436279296875,612.2449634743224,576.9383515942553,601.1528396807217,223879
2023-10-26,584.3662109375,617.9891927274186,567.4309543541473,586.9907084508885,490716
2023-10-27,601.5490112304688,605.3123941867887,587.2877005623795,588.9713367512419,104283
2023-10-30,588.5257568359375,604.0250289651542,584.3166958909602,602.4404050469474,162329
2023-10-31,567.2327880859375,594.0717138103761,564.509278409401,589.2684572870062,365936
2023-11-01,543.4144287109375,563.0236847991986,541.7307925860363,559.0127102159285,330388
2023-11-02,521.1807250976562,553.1200664456836,518.407709101069,551.6345156853102,615674
2023-11-03,512.3169555664062,524.8946314664614,505.1367931548367,524.845125194446,571336
2023-11-06,519.3485717773438,538.462646203252,517.4668499622313,524.8946037894403,488539
2023-11-07,518.952392578125,528.8065579235838,517.5658543732671,522.9138612237596,232771
2023-11-08,518.704833984375,527.3705472012978,515.18904242581,523.6071638365349,252461
2023-11-09,522.0225219726562,536.481919223366,518.3582117253055,520.9331422419114,363364
2023-11-10,522.0225219726562,530.638728620093,520.9331422419114,524.6965254766492,295865
2023-11-13,530.1929931640625,540.443328730977,528.8560217822609,534.7982242741964,270513
2023-11-15,523.6071166992188,539.6510763859346,521.873974211859,535.5905348615069,210854
2023-11-16,525.5878295898438,529.7473834797412,523.4585161559645,526.7762821937016,205682
2023-11-17,525.8359375,530.8467215443674,524.1491227211441,528.8126480880993,104985
2023-11-20,520.8746948242188,531.5908396284012,519.9816575233181,525.7862788565222,196981
2023-11-21,520.9739379882812,524.7940861389774,515.963154084915,524.0002482220902,244849
2023-11-22,514.3259887695312,523.8514996404181,511.9942562070761,523.8514996404181,177263
2023-11-23,531.8885498046875,535.0637198278469,513.9786868258223,515.4670420965534,577804
2023-11-24,555.4046020507812,560.8123052415237,533.525790625362,535.7087239069218,1620055
2023-11-28,548.5084838867188,563.9874141048178,544.8371956615802,557.6370744418037,419931
2023-11-29,559.2742919921875,562.5982610206,547.8139085964094,552.378234176054,240202
2023-11-30,580.3593139648438,587.3049713903562,548.7069366154781,559.2246222067233,738456
2023-12-01,586.8088989257812,590.2817279103168,574.0586190314731,585.5189425681743,317201
2023-12-04,600.9978637695312,610.4241137129752,591.3731543465908,594.3498648550468,536425
2023-12-05,603.7265014648438,623.9184964010074,598.3683984458279,600.997850226912,519485
2023-12-06,584.7747192382812,612.2100902970305,577.0352845040039,603.7264779813548,437544
2023-12-07,607.3480834960938,612.2100677399521,581.5003285668258,584.774697692068,303585
2023-12-08,617.4193115234375,620.1479625586958,602.0396420519819,608.7372400476158,267720
2023-12-11,636.7679443359375,639.595794893421,607.2489005587748,607.2489005587748,376734
2023-12-12,615.2363891601562,642.7709591711388,608.2411321344961,637.0159980919192,377428
2023-12-13,603.9745483398438,620.1975956896857,592.4645651979873,618.163522375195,452623
2023-12-14,606.0582275390625,615.1372185167203,603.4288363462655,610.027174753544,94616
2023-12-15,625.506103515625,628.9789323187957,606.2566853535188,606.2566853535188,288431
2023-12-18,606.7528686523438,634.9324210366921,595.3421442214329,629.0781990606474,5836709
2023-12-19,617.2705078125,624.0177667065918,611.21788737311,611.21788737311,499640
2023-12-20,625.4564208984375,662.8141593434482,623.2238881760981,624.3649846809353,2038320
2023-12-21,656.3646850585938,662.7646249390051,613.2519812368853,624.0177875402541,740631
2023-12-22,643.6640625,671.2482350659809,635.6765678978818,668.5691834346043,408725
2023-12-26,638.8020629882812,647.5337350339599,633.5432198690579,646.7895574068624,366961
2023-12-27,644.854736328125,668.6684201109935,640.0919511224876,644.9539357860217,936637
2023-12-28,645.4996948242188,654.8763455200682,643.1183626318549,651.4531161471284,372152
2023-12-29,644.6563110351562,649.0717772496344,639.0997481877083,641.0346222099328,441698
2024-01-01,642.1757202148438,671.8435665607805,640.9850238477516,648.3276009770423,793927
2024-01-02,639.74462890625,654.6777795160311,633.7416088279249,645.7972487085963,425081
2024-01-03,641.828369140625,650.9073603579546,635.0315710809314,636.0238079107454,368123
2024-01-04,643.5648193359375,653.735247406389,639.0005538898292,644.6563162461518,416363
2024-01-05,632.402099609375,662.5661225230891,630.0703673562884,647.9306297380415,1145373
2024-01-08,631.5587768554688,641.8780646766979,612.706276053813,634.039369066213,808305
2024-01-09,620.2471923828125,639.4966103078433,606.8023960083887,634.0889076972416,393072
2024-01-10,626.0518188476562,631.6579204109387,613.2023402210499,620.1479977963692,219578
2024-01-11,617.1217041015625,631.509138033301,608.8364902937292,626.0518355074693,341263
2024-01-12,618.3123779296875,634.9323441088761,615.1372080996069,620.1479917607684,406307
2024-01-15,618.3123779296875,618.3123779296875,618.3123779296875,618.3123779296875,0
2024-01-16,606.7032470703125,623.6704733450559,601.7916624450976,618.1635708215924,287552
2024-01-17,604.024169921875,618.1139450121955,601.2955186409138,604.7683475439553,214229
2024-01-18,595.4909057617188,610.2255971763245,588.3467890971456,604.2721767160677,274930
2024-01-19,612.309326171875,615.1372374861966,600.3032847023599,606.2567057076725,252769
2024-01-23,602.9327392578125,621.537179983352,595.5405626972655,617.8658915679127,255805
2024-01-24,611.4163818359375,616.9232844461089,595.342132155473,600.303316590102,182757
2024-01-25,616.7744140625,619.6519252095433,605.6117492768998,611.4659710334364,131602
2024-01-29,614.88916015625,625.109187135243,610.2256350605944,617.3201524407083,166924
2024-01-30,623.5712280273438,631.3602626697603,614.8891560418924,616.1790517674652,250941
2024-01-31,628.5819702148438,632.0547987795667,620.3960171694255,620.3960171694255,162399
2024-02-01,623.5216064453125,634.0392919145127,620.1479772246798,631.7075597446783,205060
2024-02-02,614.6410522460938,631.0625579548232,612.2596598783385,626.5974926862749,324554
2024-02-05,622.5790405273438,639.0005487278822,618.1635743128426,638.0083118509756,524877
2024-02-06,612.1605224609375,629.0781482471152,608.3900346310282,626.1014377664507,288922
2024-02-07,619.7510986328125,632.0052597971612,607.596197488076,615.8318116107164,1207553
2024-02-08,621.2890625,627.7882010716037,613.4999677100191,618.2130922517558,362306
2024-02-09,634.1385498046875,637.412979875246,603.2800078387824,627.0440926282507,467554
2024-02-12,641.0346069335938,651.5523539149033,617.1713227250599,638.603614530851,582061
2024-02-13,646.78955078125,650.4608391495892,619.5526983575536,640.9849895738822,489092
2024-02-14,632.7279052734375,645.7958314924373,628.3553307842187,645.7958314924373,367093
2024-02-15,627.560302734375,640.3798486196797,626.1690125599893,635.4110417888453,228640
2024-02-16,655.037841796875,660.1556765417806,624.1815022402734,630.6906878416137,722138
2024-02-19,713.2225341796875,739.3584455960928,660.8512988190884,664.8263442255189,5021145
2024-02-20,735.2343139648438,744.3272546215044,699.7570821278831,716.0050560144111,1383473
2024-02-21,754.4139404296875,762.5130589033829,726.4892105715807,736.3274720329139,1480764
2024-02-22,741.5944213867188,774.4878984286858,728.7748754688344,761.2212084183941,1309657
2024-02-23,785.0217895507812,794.8599905104635,741.3459661437425,741.5944064809221,2064676
2024-02-26,817.6171875,828.6479147195598,770.1650809024612,785.0218258842948,1269511
2024-02-27,789.294921875,832.4738630023736,783.0342377417111,821.8406048355366,772048
2024-02-28,747.7557373046875,790.0402704673802,742.0912854987625,785.071463734881,879366
2024-02-29,752.6748657226562,765.1962343872414,716.6012804351832,749.2960528934805,1484057
2024-03-01,726.7376708984375,753.2711113581562,720.4769864573393,750.2898272762637,674870
2024-03-04,714.514404296875,741.296284572119,710.5393589322192,741.296284572119,480016
2024-03-05,700.8502197265625,720.3279186929426,696.6267338225031,720.3279186929426,509669
2024-03-06,696.2788696289062,711.185288925998,678.8383105278085,700.6017069633127,741486
2024-03-07,683.6581420898438,698.6142384783113,674.813641693729,698.6142384783113,458109
2024-03-11,645.6467895507812,692.5523394594313,641.8207717928041,690.4654041402487,613001
2024-03-12,635.16259765625,649.0752566995466,611.1632365448115,647.9324068735237,999532
2024-03-13,603.51123046875,633.0259534595115,579.6609590668218,633.0259534595115,1516224
2024-03-14,584.729248046875,599.6853453958862,581.1516705161984,598.2443791955185,873115
2024-03-15,592.8780517578125,617.1258551930117,567.735899417863,585.3254890639032,3365498
2024-03-18,610.5670166015625,627.0634312604494,596.5052688020361,611.7098057968094,1378025
2024-03-19,602.4181518554688,618.6661259185222,597.4990209657067,616.1320465675478,347735
2024-03-20,602.0703125,612.554543664153,592.3314630310329,604.7038044392613,507240
2024-03-21,618.0698852539062,628.0571747146156,605.250339546239,610.1694703714778,389742
2024-03-22,634.7650756835938,638.9885615100599,616.231401853937,618.9145696863328,642505
2024-03-26,632.3800048828125,640.9760647414846,624.728091083045,631.7837723401533,305970
2024-03-27,649.3733520507812,654.6402749594274,632.3799969457352,632.3799969457352,502943
2024-03-28,664.8263549804688,672.726769984431,651.7583687336745,651.7583687336745,315691
2024-04-01,672.0311279296875,683.3102952420602,651.9074601432533,660.8513124927796,566132
2024-04-02,662.7394409179688,685.397186621494,660.6028298428864,667.5591590025708,418156
2024-04-03,651.7086791992188,669.6957959716491,649.174599895371,659.0625374284036,313733
2024-04-04,634.2681884765625,663.0872679373073,632.032225414953,654.8887367114057,568715
2024-04-05,622.6411743164062,639.9823223558373,619.3120979882639,634.0197541351307,392961
2024-04-08,615.9332885742188,640.6779710927585,613.150768852926,627.0634281137704,447635
2024-04-09,606.244140625,625.8709286209488,604.3560303243488,620.9021215333668,440530
2024-04-10,649.4727172851562,654.7396403021726,607.9831809786466,613.1507521225489,1755726
2024-04-12,690.2666015625,700.5023918740677,645.0007847180019,648.8764782004769,3324651
2024-04-15,692.3038940429688,712.0797092381475,661.1494381891454,683.7078337895309,1557173
2024-04-16,676.552734375,704.278701097848,669.1989365664778,691.3598031769075,739475
2024-04-18,655.8825073242188,685.8941129720516,650.8640245126899,677.3477287567137,525447
2024-04-19,679.4346923828125,685.695377173959,641.125201919405,648.7771163005932,796938
2024-04-22,688.5275268554688,694.5895074810688,677.8943289375285,686.6394166837277,367646
2024-04-23,680.4780883789062,692.6019890504506,676.9005717598052,689.6703809199868,250504
2024-04-24,675.608642578125,687.0866349157068,671.981449973231,681.72029926036,230040
2024-04-25,675.1614990234375,698.713594968364,668.3541972464737,678.5402512887275,445982
2024-04-26,663.03759765625,680.7265378970042,660.85131051315,680.1303053372407,266084
2024-04-29,658.0191040039062,668.8013904197991,655.8824928336811,668.6026260183675,265179
2024-04-30,648.1808471679688,668.5032791142298,643.9573613872652,659.9072190870461,545785
2024-05-02,635.8085327148438,655.8825251612619,632.5291322199139,648.2305502368373,317892
2024-05-03,653.5968627929688,659.7581953953439,626.0696608136208,638.9885585764415,542899
2024-05-06,628.9515380859375,665.4225285217481,620.2561268899166,656.3296492065341,776078
2024-05-07,625.0758666992188,635.2122442360275,618.616418156222,631.4359633725356,245516
2024-05-08,625.57275390625,634.9141346202946,618.9145408998036,621.1008279450457,155236
2024-05-09,616.03271484375,629.0509648949898,612.5545499509657,624.8274789537517,156616
2024-05-10,625.3243408203125,630.7403524068433,612.9023237201872,621.1008550062699,207558
2024-05-13,629.9950561523438,634.0197777201611,619.212708492843,624.6287202923322,198161
2024-05-14,641.7710571289062,645.6467505918238,629.4981289202979,630.0446855229201,214983
2024-05-15,612.7532348632812,625.7715451685561,579.9094338023274,596.2568204265651,1347131
2024-05-16,623.0386962890625,641.9201621140973,613.3991989738266,613.3991989738266,716618
2024-05-17,617.175537109375,624.4299835719346,612.355818333024,620.9518184928896,281560
2024-05-21,615.6848754882812,621.8958843618503,611.4613894542542,617.125841677826,244015
2024-05-22,612.6538696289062,617.9207926302822,610.3682306646539,617.1257956845917,169119
2024-05-23,609.7222290039062,616.1320014726826,608.1819111310997,612.4550725588253,189277
2024-05-24,621.1505126953125,627.0634047921362,607.6850586852478,609.7222572989424,347320
2024-05-27,610.716064453125,622.9393177066487,609.1757463932845,621.1505592934667,269262
2024-05-28,610.8154296875,613.5979492985784,599.5362021265946,612.1073072939602,204343
2024-05-29,613.54833984375,616.0824193953059,600.4306766508673,606.1944808957201,140122
2024-05-30,609.970703125,621.6970748977074,606.4428624713233,611.1632288731894,196595
2024-05-31,617.5233154296875,620.2064225002523,605.2006506618493,612.1569799798016,154130
2024-06-03,613.54833984375,640.9761314389172,606.1944808957201,640.9761314389172,383563
2024-06-04,596.5053100585938,612.2067288297171,577.4747540390352,611.1632914386258,380772
2024-06-05,606.343505859375,612.1569854365912,582.4434971090052,598.095238213918,160254
2024-06-06,604.8529052734375,621.100880033357,603.2131746883963,616.1320729930901,203527
2024-06-07,610.1694946289062,612.6538981086657,603.2628408242988,606.1944490612913,201924
2024-06-10,606.9397583007812,619.0636591770843,604.3062664017026,616.2811394647478,291599
2024-06-11,620.2562255859375,628.057228609924,606.2938288631111,611.4614004698925,341443
2024-06-12,618.1692504882812,623.8833783880644,616.1320518027129,620.1070972982143,211880
2024-06-13,654.8390502929688,682.6146920112648,634.168826451811,641.0257433383679,3789776
2024-06-14,668.6026000976562,676.7017790705582,643.95733163509,658.8637513488652,801151
2024-06-18,653.1993408203125,673.1739808860262,649.1249434373062,668.801406566484,350470
2024-06-19,667.7083129882812,672.7764718973948,637.3488535098778,654.5906502975146,540733
2024-06-20,691.1610717773438,695.6329981943071,647.584657509354,665.7704794741283,1734869
2024-06-21,693.3504638671875,700.864153327108,674.0437096101948,700.864153327108,717321
2024-06-24,682.4033813476562,692.9026481041584,671.8045589147977,686.3841506006784,298646
2024-06-25,686.0357666015625,705.7903695938179,678.920178320513,683.6970890652018,550126
2024-06-26,688.3247680664062,693.6490224933052,679.3182292957526,686.3841309627373,226561
2024-06-27,654.4384155273438,669.9634514572499,650.8557476352124,663.793247205943,10056951
2024-06-28,665.7836303710938,673.7451685519139,656.826899917671,656.9263948482449,2148265
2024-07-01,677.62646484375,683.6971136082129,670.0629668799094,672.7499982520407,1951300
2024-07-02,724.5994873046875,738.4326845326465,681.4579255171559,681.507672983673,6333580
2024-07-03,723.6541137695312,735.7456639119927,714.5480798205349,730.4711568081791,1238442
2024-07-04,732.7103271484375,743.9559879328986,719.9718779215686,727.4855676000105,1019342
2024-07-05,743.4583740234375,756.2466311529022,726.9879540840449,731.9639154398564,1344732
2024-07-08,720.1708984375,746.1951394177213,717.7824127327606,743.4583607209933,875446
2024-07-09,715.9910888671875,726.7391532058324,707.1836008564319,722.2110405378982,603690
2024-07-10,715.7920532226562,721.6139038114093,691.6586402360043,717.5336397268476,709568
2024-07-11,713.65234375,736.3925232850677,709.9203727833634,718.5288101097577,354363
2024-07-12,708.8754272460938,721.4646335002969,704.5961127211303,715.5432274667976,275007
2024-07-15,699.8192138671875,711.2639249305645,688.5237451987383,711.2639249305645,504221
2024-07-16,698.9235229492188,706.5865156190645,693.151419899547,701.3120087071527,499177
2024-07-18,697.7791137695312,704.5961568092042,685.1899067275948,698.6250029379398,340821
2024-07-19,681.0100708007812,700.4163204244959,677.2283522532213,696.6346018769359,397698
2024-07-22,706.5368041992188,709.4726337101234,670.7596279206841,674.7403972258514,597864
2024-07-23,696.2365112304688,709.2735668513224,656.876667775469,709.2735668513224,590934
2024-07-24,737.9848022460938,743.8067133647216,688.1754421869772,688.1754421869772,972433
2024-07-25,721.1163330078125,734.4519344337856,715.2944822144761,725.3459003809069,414098
2024-07-26,729.2271728515625,733.4567402137176,716.6379657004604,723.25601892852,295992
2024-07-29,770.0797729492188,783.2163231736641,729.2271420654414,731.4663246920497,2267594
2024-07-30,757.34130859375,775.8518603021149,751.3204075791598,767.2932311771107,505755
2024-07-31,767.9401245117188,775.9514099811183,756.346110494946,760.7249806944972,423966
2024-08-01,782.17138671875,803.0206771891876,772.2692113577652,772.2692113577652,1517628
2024-08-02,767.7410888671875,795.1586237583209,758.7346109717099,777.1954154325242,569218
2024-08-05,738.1838989257812,749.678358004391,671.6055088210254,679.06945117619,3252863
2024-08-06,705.7406616210938,746.2947488677546,698.923557749323,738.4327052030027,721047
2024-08-07,677.0790405273438,717.1853378344792,674.0437162345709,710.0199413005506,1140008
2024-08-08,676.8800659179688,686.0855946763262,670.7596089873467,677.0790557842349,651654
2024-08-09,708.6266479492188,714.548054139526,680.7115167568744,680.7115167568744,1627821
2024-08-12,731.5658569335938,736.3428287073601,706.6860487023912,710.5175756150279,866783
2024-08-13,706.5368041992188,736.3428265200024,701.6105900357304,736.3428265200024,523481
2024-08-14,713.0552978515625,716.5384709743545,692.5543603398171,710.467822114176,345094
2024-08-16,746.1454467773438,751.3702064913565,716.5384750646049,716.5384750646049,681984
2024-08-19,763.1134643554688,765.8004957872766,743.8565171206635,746.7923466342737,510934
2024-08-20,772.0701904296875,789.1377630303364,759.3317408701184,760.8245293515145,931330
2024-08-21,758.7843627929688,776.1504801531274,756.4954327070899,772.269205981021,243581
2024-08-22,817.0528564453125,827.9999714524969,761.3220891360098,761.3220891360098,2182079
2024-08-23,797.3480834960938,815.0624943008081,793.2180111513624,811.0817250978738,437794
2024-08-26,786.998046875,810.3850655738474,784.3110155570018,807.2004381133207,358212
2024-08-27,771.622314453125,792.9194536646836,769.2836368783187,788.1922903074106,268003
2024-08-28,764.2579345703125,790.9788233760801,761.023559613777,779.235566451464,290988
2024-08-29,744.9014282226562,774.2596007444577,741.4182552115951,768.7860431556472,312229
2024-08-30,739.278564453125,760.3269055729369,730.4711370294968,751.3701750099049,733829
2024-09-02,704.3970947265625,737.2384404836575,698.87378963394,736.4920462619054,1527970
2024-09-03,717.3345947265625,724.4004964723862,708.0295710567117,710.5672992628785,628033
2024-09-04,728.5802612304688,734.3524251852109,709.3233144508678,713.0552855896833,743954
2024-09-05,725.1966552734375,750.2257056605678,722.8081694102614,734.3026285506439,535128
2024-09-06,715.841796875,730.7696811171105,706.9846220030443,726.1918209128833,271279
2024-09-09,697.4307250976562,714.5480441532927,695.6393911743058,713.5528518912407,393974
2024-09-10,718.5785522460938,720.4196943543448,701.6105365252791,701.6105365252791,312099
2024-09-11,712.1596069335938,730.4711700992547,707.681241449334,722.4598839924228,340059
2024-09-12,706.73583984375,716.886752763549,701.2124739564432,713.0552866851658,272632
2024-09-13,704.8449096679688,713.2542963121738,702.6554745739577,713.2542963121738,190953
2024-09-16,696.2365112304688,712.4581943708592,692.7533381682259,710.1692034794398,345579
2024-09-17,697.1322021484375,707.531973772086,693.0021298304573,697.6795457619522,186763
2024-09-18,701.0134887695312,716.4389696033318,698.1771542357047,701.6105798599589,377370
2024-09-19,693.1016845703125,708.4774176446656,685.836792980153,707.4822253517199,224385
2024-09-20,692.3055419921875,703.6009502058779,690.4146523413406,698.6249887475619,214476
2024-09-23,687.6778564453125,698.6249713814897,684.891330246265,696.5848393826361,187570
2024-09-24,702.3071899414062,705.3922616503295,687.6778515729158,691.6586206124117,270377
2024-09-25,684.5927734375,704.6458608406867,681.8559947485376,704.596113376503,294198
2024-09-26,687.8768920898438,692.4547521214724,678.7211112848721,686.682649247158,272397
2024-09-27,693.4002075195312,703.8497262550247,686.9314578261306,689.6682365425693,254364
2024-09-30,718.3297729492188,721.5144003820067,685.7869733629561,693.4997135049706,520894
2024-10-01,716.5881958007812,726.0425225496413,706.6860203733687,718.3297823071503,287933
2024-10-03,712.9059448242188,723.0569179344284,697.1321719399646,697.1819194041799,484255
2024-10-04,700.7646484375,714.5480368289492,691.6586150363785,711.5624600733966,304156
2024-10-07,674.39208984375,706.5865366168592,666.7788444130925,700.8641808625678,425495
2024-10-08,686.732421875,695.6394049450286,662.3502109720627,673.7451747464726,308405
2024-10-09,676.7307739257812,697.9283580783481,667.3261944044984,691.6586586447323,375180
2024-10-10,667.7243041992188,687.5784032786528,663.7932823577518,684.3937756827155,337478
2024-10-11,669.1174926757812,677.924980634466,666.8783100875637,670.7595842038269,161640
2024-10-14,666.4305419921875,676.7307579077734,662.8975607656189,670.6601092291111,199639
2024-10-15,665.2860717773438,670.5108315033439,657.4240280834368,666.4305672521076,176432
2024-10-16,661.1559448242188,668.8686847364443,657.6727719606331,665.7836130682398,175757
2024-10-17,661.0067138671875,670.7595859056024,657.0259448113679,662.847795258818,130656
2024-10-18,655.7322387695312,662.3999786675332,628.8620463415956,659.8125029526416,277058
2024-10-21,642.9439697265625,658.8172989725064,637.5201595730829,654.8365297944248,214816
2024-10-22,614.780029296875,645.232888685311,610.05286597974,643.8894034076537,286125
2024-10-23,616.8201904296875,629.3596501604292,602.8874978900095,617.0192410428839,241908
2024-10-24,605.7238159179688,620.9502459150383,604.0817243310902,617.1187191262275,191823
2024-10-25,593.98046875,614.2326674359603,587.2131736139038,606.0720788563821,269300
2024-10-28,648.6663208007812,691.2605385545896,627.7672827646787,627.7672827646787,6447564
2024-10-29,625.1798095703125,642.7449170674946,619.1091001480871,634.08679272618,497826
2024-10-30,636.7737426757812,640.65501678288,622.0449093897373,625.8764360322251,250963
2024-10-31,642.844482421875,645.8798068078363,630.7031241363117,637.9182683572004,212379
2024-11-01,646.576416015625,651.5026297941711,641.4511516390307,643.5410918059638,138118
2024-11-04,650.4576416015625,656.62784580708,633.0417769240544,646.3276301373542,429252
2024-11-05,680.7115478515625,688.474035810298,646.0291197467486,649.6117878071746,1098787
2024-11-06,682.701904296875,689.7677451904331,675.735558334662,679.51727685152,293509
2024-11-07,682.5526123046875,695.6394153012477,671.8045476500932,676.7307616664498,232473
2024-11-08,676.5316772460938,686.3841047863878,665.8831080566792,686.3841047863878,198520
2024-11-11,683.498046875,689.5687562379716,627.9663297084007,646.8749830593669,581371
2024-11-12,684.54296875,693.4499515863822,667.0773568117407,682.7018873737393,370820
2024-11-13,672.9490356445312,681.7067156091226,656.080514255933,681.7067156091226,317135
2024-11-14,676.5316772460938,691.1610154228247,667.2764014989258,668.420896879465,248870
2024-11-18,685.5880126953125,688.4740339747058,667.6247427481923,668.2218945844837,229309
2024-11-19,674.640869140625,700.5158683528132,666.9778764563645,691.509329649044,321352
2024-11-21,659.8622436523438,676.6312703850474,655.8317269778341,675.7355730166151,180663
2024-11-22,676.5814819335938,683.1497877632247,660.8077077839331,660.8077077839331,174525
2024-11-25,713.5528564453125,717.4341305887724,677.5268841807625,683.6473409281303,544565
2024-11-26,705.1434936523438,718.4293473331928,699.5206935893314,716.5384576621195,168568
2024-11-27,691.01171875,712.5576553919884,686.7324041969665,706.5367543907203,245310
2024-11-28,685.388916015625,702.9540228162148,682.7018847872157,692.6538073059799,158928
2024-11-29,709.0247802734375,716.4389752030738,684.89136652225,685.6875082296156,372050
2024-12-02,709.721435546875,713.2046087073261,698.1771680557771,706.5865554057813,193508
2024-12-03,704.297607421875,726.4903837073307,701.7100709800784,711.5624991106047,398842
2024-12-04,694.9924926757812,716.5384294697164,690.9122286935426,708.5768913644973,301979
2024-12-05,689.3199462890625,697.0824338036668,683.6970856980619,695.6393928718271,189350
2024-12-06,692.15625,706.4870435274564,687.2300359285795,690.5639666043795,275731
2024-12-09,696.0872802734375,699.5207059252934,688.0261860375516,690.6634699818644,159761
2024-12-10,708.1788330078125,711.9108042204206,687.7276429110643,696.6346263534992,433146
2024-12-11,696.4852905273438,708.5271535200204,688.8721060558858,708.5271535200204,270903
2024-12-12,690.315185546875,705.5913635498922,678.9699686627841,696.5351376233021,283732
2024-12-13,666.0822143554688,691.6586693861493,657.6728270181853,680.7613012237359,371578
2024-12-16,663.046875,668.6199276263898,657.0259736868052,659.3646513131948,240741
2024-12-17,655.2843627929688,674.2427634015245,652.7963821162103,662.7980522884359,285150
2024-12-18,665.6841430664062,667.6247194268392,654.8365228740851,656.8269074420914,204159
2024-12-19,664.63916015625,665.7836556098151,650.8557709548866,659.0163600479244,103961
2024-12-20,652.19921875,669.5653357143416,646.8749644927838,669.5653357143416,98153
2024-12-23,658.22021484375,664.7884597602631,635.0321855431689,652.8461520998991,201906
2024-12-24,660.857421875,666.5300300235436,649.6117612510162,657.8220975670957,86216
2024-12-26,654.0901489257812,668.2716394121904,651.8509662174009,666.579800328626,92989
2024-12-27,659.2153930664062,666.9778807314744,654.4882297184954,656.7274123569795,115399
2024-12-30,662.8478393554688,666.778861207949,657.025988520714,659.8622623649854,126348
2024-12-31,666.3309936523438,666.778842336585,652.8958975754125,665.7836500345901,87977
2025-01-01,665.9329223632812,670.311731844417,662.8975373892725,666.7788114841499,64440
2025-01-02,666.0822143554688,670.9089336012527,657.9714333105765,665.9329719509925,77271
2025-01-03,657.4240112304688,670.2620162390849,655.8317278419554,670.2620162390849,79507
2025-01-06,638.8637084960938,660.6583833993236,612.0930113561099,657.9216045770535,406774
2025-01-07,647.8701782226562,650.5572095433516,632.9422939318116,637.8187604301742,105004
2025-01-08,645.73046875,651.7514304711092,628.016058803512,642.4463464650315,150973
2025-01-09,641.7496948242188,663.0965806255714,639.0129161507559,646.6759085847946,105021
2025-01-10,618.561767578125,644.1879695376722,616.1235342724652,642.2971405953966,139393
2025-01-13,602.389892578125,619.6565155868502,590.9451810229385,616.9197367366969,187030
2025-01-14,593.8312377929688,612.0432441284477,590.1987617221869,602.3898669914121,163407
2025-01-15,598.7076416015625,604.0817041227342,593.1843366858509,595.1747212134381,83448
2025-01-16,603.7333984375,612.0432293688302,601.0961146971927,607.0672681544495,69255
2025-01-17,597.2646484375,606.0223280202897,595.6225569412271,604.0816909997073,98708
2025-01-20,593.5824584960938,599.8024103607487,592.3384681231628,599.8024103607487,82557
2025-01-21,593.0848388671875,602.0913166623054,591.2436967431084,595.1249708496837,147083
2025-01-22,574.2756958007812,597.4636638884913,565.2692177716017,594.2292889628616,147780
2025-01-23,576.0172729492188,582.3865277652975,568.8021290014694,575.9177780190395,77887
2025-01-24,562.8807373046875,578.3062178648383,558.4023719807727,577.1617831715348,61680
2025-01-27,532.6766967773438,558.3028993780287,525.113259335577,558.3028993780287,182297
2025-01-28,519.938232421875,537.3540977770033,502.17404368547227,535.4632080989022,224739
2025-01-29,545.01708984375,546.9576662441068,522.4759598506491,522.4759598506491,142491
2025-01-30,602.5391845703125,641.5009263073289,560.5420577531986,573.9771536780422,6421907
2025-01-31,582.7846069335938,590.2485494442275,571.5389456992496,579.2019388251774,474291
2025-02-01,584.028564453125,596.1699224014984,574.9723390137234,582.7845741047612,193302
2025-02-03,580.9932250976562,598.110543995967,548.3509313507118,581.2420231608825,488166
2025-02-04,567.906494140625,577.7091137201548,562.9305327821396,574.9225875077462,247502
2025-02-05,560.343017578125,571.5389310572525,557.9047842721047,570.7427893581915,195089
2025-02-06,541.73291015625,564.5725858403608,539.5435356655859,564.5725858403608,235263
2025-02-07,560.6415405273438,564.8213602061047,541.3845944160332,545.3653634926217,346740
2025-02-10,533.2239990234375,557.1086131856673,522.4759347987771,548.350933474526,372075
2025-02-11,501.37786865234375,534.0699721563313,495.8545635350187,532.5273754977705,380489
2025-02-12,461.719482421875,503.96537758035197,458.6343801997391,499.6860628137776,1254177
2025-02-13,449.578125,474.40818522526666,433.455997467041,464.25721153846155,1955343
2025-02-14,422.55865478515625,458.58459766329497,415.39325810850596,455.79807138396353,986411
2025-02-17,426.88775634765625,432.6598596355079,406.3867885518249,418.6774197358266,1677556
2025-02-18,438.33245849609375,442.7112985200719,421.46393694692307,427.8331615609693,601156
2025-02-19,415.1942443847656,450.37426828931876,413.05455661897884,438.28268778230046,1217515
2025-02-20,447.2891845703125,470.7259507299842,413.6019196542593,413.9999904940242,5806807
2025-02-21,480.77740478515625,491.8240453567238,440.5716420579954,440.5716420579954,2230438
2025-02-24,494.6105651855469,502.3730528529928,459.0324410298461,475.7019117881115,1258422
2025-02-25,496.5014343261719,502.3730628448284,480.478832159706,490.3810077315481,634768
2025-02-27,501.0793151855469,511.9766828478559,477.09517505780684,488.63941163079147,564419
2025-02-28,500.83050537109375,509.04084152471825,474.20911238812954,496.0038168308521,656081
2025-03-03,498.6410827636719,501.57691215578416,470.4771532175535,492.7694543503056,686691
2025-03-04,510.28485107421875,514.5144183429958,478.68749559570784,488.6394185810656,760725
2025-03-05,528.84521484375,533.9704187662718,505.01034700552657,507.5480752333498,513018
2025-03-06,538.99609375,546.6093386948709,527.5513829716823,531.0345558172572,354710
2025-03-07,529.1437377929688,546.1117537097768,519.6894113050546,537.3540739535258,533552
2025-03-10,527.0040893554688,534.4680318751149,516.703872975045,528.9944740273744,407065
2025-03-11,550.0427856445312,557.3076771446812,503.56729399144405,526.4567164456006,529540
2025-03-12,549.3461303710938,564.224266883654,539.3942077194434,552.8293032991713,534532
2025-03-13,569.1007080078125,573.728376625941,538.5483521564066,549.3461646097475,748781
2025-03-17,548.500244140625,576.0172739728067,537.602876631144,572.2355554935403,571788
2025-03-18,548.500244140625,548.500244140625,548.500244140625,548.500244140625,0
2025-03-19,559.6961669921875,567.0108060113115,544.5194846022401,555.317296628893,335389
2025-03-20,560.840576171875,565.8662848486889,551.7843510608524,564.1745066296312,283645
2025-03-21,559.8951416015625,562.2836273240498,551.336512455794,560.8405863976185,256653
2025-03-24,540.9865112304688,567.2596123077241,537.6028938476989,559.2980738893701,333533
2025-03-25,514.7134399414062,546.1614905060138,510.8819133629608,545.3653488603998,352655
2025-03-26,501.328125,518.4951923076923,489.68436285165643,518.3956973736102,542138
2025-03-27,521.0328979492188,547.1566948932756,496.6009400032152,502.62184105531196,1395271
2025-03-28,515.4100952148438,542.8773772656016,503.81608110121135,525.4615127337079,826021
2025-04-01,521.3314819335938,525.2625038168038,499.58655364627543,512.5240540395057,494486
2025-04-02,535.7119750976562,539.195147966616,510.533623364662,519.7888991252692,271308
2025-04-03,544.2706909179688,553.227421580963,524.2175418591337,526.4567245248822,262031
2025-04-04,520.734375,542.3798076923077,517.599494934082,542.3798076923077,230587
2025-04-07,526.5064697265625,544.2208803688311,477.6922999715619,477.6922999715619,500134
2025-04-08,555.9143676757812,559.4473487637864,523.2720739582148,529.3925306047587,552960
2025-04-09,575.1216430664062,595.5230848120011,541.9319440742746,555.3172923922887,460175
2025-04-11,598.2100830078125,613.4365741927014,574.2259722420505,591.0447468522402,968107
2025-04-15,610.3016967773438,617.0192450092998,598.7076818284651,599.1555305256061,409747
2025-04-16,630.15576171875,632.9422879450075,605.6242478028113,615.0288269654318,330507
2025-04-17,635.57958984375,643.8894212932744,611.6451663166768,623.9855751945641,520841
2025-04-21,643.7899169921875,656.8269117004645,623.1894244314204,632.1461550455177,498677
2025-04-22,632.544189453125,653.3934798866453,627.9663292576008,638.91344434767,238073
2025-04-23,626.6228637695312,640.1077074535659,621.4975990642278,635.9278875933412,288730
2025-04-24,634.6838989257812,646.8750047851945,623.2391873026586,630.9021802769191,191901
2025-04-25,653.5427856445312,666.7788308854057,619.556944818387,634.6838796972648,988584
2025-04-28,659.9617919921875,664.2908541608184,633.4398931436119,650.80601076777,400805
2025-04-29,632.34521484375,661.1559834778504,557.3574382228911,653.9408392671703,1385139
2025-04-30,624.2841186523438,633.8877486595786,603.633878393912,623.8362699682752,517125
2025-05-02,606.42041015625,625.9262158886816,604.6290761455466,622.8908914897511,118600
2025-05-05,614.7302856445312,625.4783501576075,568.5533393950793,568.5533393950793,483621
2025-05-06,611.048095703125,622.1445145716206,594.129825952387,615.1283599933797,312482
2025-05-07,602.887451171875,611.4461409423474,588.705961650064,606.9677758301965,356504
2025-05-08,577.559814453125,603.534369363512,568.7523870862708,597.3144176237234,453518
2025-05-09,551.2868041992188,575.1714201559314,541.6831739032694,558.3028979881592,915192
2025-05-12,586.3673095703125,589.1538358347008,565.2692208684292,565.2692208684292,284301
2025-05-13,605.0271606445312,608.9581823110256,576.4153825060899,586.3673053368522,384924
2025-05-14,603.434814453125,610.052867409309,589.9997186782055,607.0672905704379,330922
2025-05-15,600.44921875,609.0576559949808,597.1153490146871,602.53915891658,133002
2025-05-16,595.373779296875,611.0480576486106,591.2935152607287,602.0913271619045,254360
2025-05-19,610.500732421875,619.8057561886935,599.1057683668855,599.1057683668855,256773
2025-05-20,610.500732421875,623.9358285563484,603.6836286789819,610.500732421875,206284
2025-05-21,623.5377197265625,626.7720946824214,601.0961456427151,610.5007249704024,378587
2025-05-22,621.8458862304688,630.8026169574343,612.0432663426436,623.9855739785976,176703
2025-05-23,621.0,626.5233051593488,610.6499757033129,623.8860819889949,223786
2025-05-26,625.7000122070312,637.9000244140625,619.2999877929688,625.0,184868
2025-05-27,630.2000122070312,635.25,624.0,626.9000244140625,187337
2025-05-28,629.0499877929688,638.5,626.7000122070312,630.2000122070312,87851
2025-05-29,625.5499877929688,636.2999877929688,622.0999755859375,633.0,131811
2025-05-30,626.0,631.25,620.0,629.0999755859375,169239
2025-06-02,616.0999755859375,628.7000122070312,614.0,625.0,232040
2025-06-03,618.6500244140625,625.7000122070312,616.4500122070312,621.0,65243
2025-06-04,628.3499755859375,634.9500122070312,615.0,620.5,165064
2025-06-05,638.5499877929688,650.2999877929688,625.0499877929688,628.2999877929688,256565
2025-06-06,642.2000122070312,645.5,632.5,639.5,152661
2025-06-09,649.5,651.9000244140625,637.1500244140625,642.2000122070312,300752
2025-06-10,641.5499877929688,653.4000244140625,637.0499877929688,650.0,137002
2025-06-11,634.2999877929688,645.5999755859375,630.2000122070312,643.0,99458
2025-06-12,631.5999755859375,649.7999877929688,627.0,634.0,148147
2025-06-13,636.25,639.7999877929688,610.0,620.2000122070312,132532
2025-06-16,633.8499755859375,638.9500122070312,618.0999755859375,634.0999755859375,196418
2025-06-17,628.1500244140625,634.0,621.4000244140625,634.0,122353
2025-06-18,619.7999877929688,631.9500122070312,616.5499877929688,629.0,96112
2025-06-19,608.6500244140625,623.9000244140625,605.9500122070312,622.7999877929688,92959
2025-06-20,633.0499877929688,639.0,605.5499877929688,610.75,186154
2025-06-23,619.6500244140625,631.75,612.9500122070312,615.0,157498
2025-06-24,615.7000122070312,630.4500122070312,613.2000122070312,622.0499877929688,114755
2025-06-25,635.3499755859375,638.0,617.75,620.0,142362
2025-06-26,631.0499877929688,646.4000244140625,627.5499877929688,638.0,149964
2025-06-27,628.6500244140625,634.2000122070312,626.0999755859375,633.0,64758
2025-06-30,632.5999755859375,639.0,625.5499877929688,630.9000244140625,90338
2025-07-01,621.1500244140625,637.4500122070312,618.25,634.0,83441
2025-07-02,619.25,626.3499755859375,611.5499877929688,622.4500122070312,109651
2025-07-03,625.9500122070312,632.9500122070312,618.2999877929688,620.0,123361
2025-07-04,636.3499755859375,660.0,625.9000244140625,625.9500122070312,478956
2025-07-07,634.5499877929688,638.4500122070312,630.2000122070312,636.3499755859375,73389
2025-07-08,653.9000244140625,667.8499755859375,627.75,634.5499877929688,243423
2025-07-09,672.25,674.5999755859375,647.1500244140625,650.0,402347
2025-07-10,667.0499877929688,679.2000122070312,660.2999877929688,674.0,140347
2025-07-11,673.2000122070312,677.5,651.9000244140625,665.0,151865
2025-07-14,687.0999755859375,689.5999755859375,661.0999755859375,675.0,249485
2025-07-15,698.5999755859375,699.7000122070312,675.9500122070312,683.0,301960
2025-07-16,694.8499755859375,708.75,678.2999877929688,699.7999877929688,274775
2025-07-17,687.5,697.4000244140625,684.0499877929688,694.7999877929688,139890
2025-07-18,698.2000122070312,701.2000122070312,678.0,687.0,195028
2025-07-21,701.8499755859375,705.0,685.9000244140625,699.4000244140625,175054
2025-07-22,691.25,702.0,685.9000244140625,701.5,123570
2025-07-23,697.8499755859375,701.0,675.7999877929688,685.1500244140625,203618
2025-07-24,683.1500244140625,696.2000122070312,676.5,696.0,163245
2025-07-25,677.5999755859375,685.2000122070312,654.0,682.7999877929688,205055
2025-07-28,663.4000244140625,680.5499877929688,655.2999877929688,679.9500122070312,145953
2025-07-29,639.7999877929688,649.2999877929688,628.3499755859375,635.0,339800
2025-07-30,652.5,659.3499755859375,635.0499877929688,635.0499877929688,149213
2025-07-31,664.7999877929688,686.5999755859375,644.1500244140625,646.0,351038
2025-08-01,656.2000122070312,671.5,646.5999755859375,666.9500122070312,160845
2025-08-04,637.4000244140625,656.7999877929688,632.5,653.1500244140625,129754
2025-08-05,638.4000244140625,650.0,633.4000244140625,642.0,199252
2025-08-06,623.75,640.4500122070312,620.0,639.9500122070312,200631
2025-08-07,627.2999877929688,631.5,607.5,623.75,242676
2025-08-08,620.5,637.9500122070312,613.0,629.7999877929688,235198
2025-08-11,626.0999755859375,630.0999755859375,616.4500122070312,618.0,130022
2025-08-12,651.7000122070312,658.0,621.0,627.9000244140625,221758
2025-08-13,694.1500244140625,727.5999755859375,667.0499877929688,672.9500122070312,2813555
2025-08-14,675.6500244140625,693.0499877929688,668.4500122070312,693.0499877929688,232898
2025-08-18,675.3499755859375,684.7000122070312,670.3499755859375,678.0,150871
2025-08-19,698.3499755859375,720.0,671.7999877929688,673.0,430290
2025-08-20,693.2999877929688,705.0,687.3499755859375,695.9000244140625,134376
2025-08-21,689.3499755859375,696.7000122070312,685.0,693.2999877929688,77102
2025-08-22,674.0,696.8499755859375,669.2999877929688,688.0,142852
2025-08-25,685.2000122070312,691.0,666.5,677.0,223419
2025-08-26,655.25,685.0,650.0,685.0,205090
2025-08-28,649.9500122070312,658.7000122070312,640.0,652.0,182748
2025-08-29,656.3499755859375,670.0,640.0,647.0999755859375,250044
2025-09-01,667.5499877929688,674.2000122070312,658.0,658.0,119955
2025-09-02,678.9500122070312,685.8499755859375,662.1500244140625,669.0,223416
2025-09-03,686.5,689.7999877929688,675.0,676.9000244140625,86217
2025-09-04,687.5499877929688,695.7000122070312,682.5,691.9500122070312,135178
2025-09-05,687.7999877929688,693.0,681.1500244140625,687.5499877929688,109296
2025-09-08,690.25,692.75,673.0,684.0,155270
2025-09-09,688.1500244140625,698.0,684.0999755859375,690.25,128878
2025-09-10,696.1500244140625,700.0,681.8499755859375,693.4000244140625,173690
2025-09-11,712.7999877929688,726.0,696.5,700.9000244140625,375193
2025-09-12,705.9000244140625,720.0,702.0,714.0999755859375,132094
2025-09-15,702.7999877929688,709.0999755859375,696.2000122070312,705.9500122070312,101902
2025-09-16,714.0499877929688,720.0,699.2000122070312,702.5,154630
2025-09-17,715.5999755859375,724.0,710.1500244140625,716.0,135705
2025-09-18,694.4000244140625,715.0,688.0,715.0,169821
2025-09-19,695.2000122070312,697.9500122070312,685.8499755859375,694.4000244140625,132569
2025-09-22,705.2000122070312,708.0,683.0,690.0,184042
2025-09-23,707.4500122070312,714.9000244140625,690.5,702.7000122070312,129236
2025-09-24,707.9500122070312,720.0,701.5999755859375,708.2000122070312,184288
2025-09-25,707.2000122070312,717.0,696.1500244140625,706.6500244140625,289736
2025-09-26,692.9000244140625,705.5,688.0,700.0,204621
2025-09-29,680.0999755859375,694.0999755859375,672.5499877929688,689.2999877929688,331348
2025-09-30,689.2999877929688,694.7999877929688,672.3499755859375,685.0,279276
2025-10-01,693.0499877929688,696.5,682.0,689.9000244140625,87302
2025-10-03,676.7999877929688,704.25,670.0499877929688,693.0499877929688,214675
2025-10-06,674.0,685.3499755859375,670.0,676.0,141250
2025-10-07,656.75,675.9500122070312,652.0,674.0,355610
2025-10-08,659.7999877929688,664.9000244140625,648.3499755859375,655.0,91248
2025-10-09,646.0999755859375,664.0,642.0499877929688,664.0,136445
2025-10-10,640.0,649.0,636.0999755859375,644.7999877929688,110920
2025-10-13,638.2000122070312,646.4500122070312,636.2999877929688,638.5,74715
2025-10-14,631.7000122070312,640.9500122070312,623.1500244140625,639.7999877929688,93853
2025-10-15,638.75,649.6500244140625,629.0,631.0,129355
2025-10-16,643.7000122070312,646.75,638.25,638.9000244140625,51508
2025-10-17,651.0499877929688,667.2999877929688,626.5,642.9500122070312,171375
2025-10-20,655.3499755859375,664.7999877929688,634.5,657.4000244140625,197319
2025-10-21,652.8499755859375,659.0499877929688,649.0499877929688,649.1500244140625,20687
2025-10-23,640.8499755859375,656.9000244140625,637.0,653.2000122070312,90636
2025-10-24,641.9000244140625,646.3499755859375,636.2999877929688,640.8499755859375,63218
2025-10-27,647.0999755859375,651.5499877929688,635.0,641.9500122070312,99790
2025-10-28,647.7000122070312,659.4500122070312,632.1500244140625,647.5,139815
2025-10-29,638.0999755859375,652.25,636.0,649.9500122070312,101178
2025-10-30,637.3499755859375,641.5,628.7000122070312,639.7999877929688,165046
2025-10-31,661.5499877929688,676.0,635.0,635.0,226411
2025-11-03,659.5,671.4500122070312,652.0999755859375,668.0,163471
2025-11-04,649.7000122070312,661.0499877929688,646.7000122070312,660.9000244140625,186662
2025-11-06,648.75,659.5999755859375,640.0,653.0499877929688,87744
2025-11-07,634.5999755859375,645.75,629.7000122070312,644.7999877929688,102167
2025-11-10,630.4500122070312,639.9000244140625,626.2000122070312,633.9000244140625,117657
2025-11-11,624.0,636.9000244140625,621.0,629.0,135773
2025-11-12,634.4500122070312,637.5499877929688,619.75,624.4500122070312,103698
2025-11-13,631.4000244140625,639.4500122070312,626.0,631.0999755859375,60840
2025-11-14,627.5499877929688,633.25,622.0999755859375,631.0999755859375,57713
2025-11-17,607.8499755859375,624.6500244140625,605.0,622.0,189402
2025-11-18,597.25,609.0,590.0,607.8499755859375,167947
2025-11-19,563.7999877929688,592.25,560.3499755859375,591.0499877929688,279892
2025-11-20,554.0,571.5,550.0,563.9000244140625,160294
2025-11-21,540.6500244140625,561.7999877929688,539.0,554.0,114373
2025-11-24,536.6500244140625,544.4000244140625,532.2000122070312,540.4500122070312,199261
2025-11-25,531.4500122070312,535.7999877929688,529.0,535.0,107852
2025-11-26,517.75,535.5,514.5999755859375,534.9000244140625,181563
2025-11-27,523.8499755859375,528.5999755859375,519.9500122070312,519.9500122070312,151639
2025-11-28,512.0999755859375,525.9000244140625,508.25,525.8499755859375,154992
2025-12-01,511.8999938964844,521.7000122070312,508.6000061035156,512.0,123982
2025-12-02,509.45001220703125,514.7999877929688,502.0,511.8999938964844,64335
2025-12-03,505.70001220703125,512.0,501.04998779296875,512.0,57869
2025-12-04,506.6000061035156,510.8999938964844,500.95001220703125,504.95001220703125,36397
2025-12-05,503.25,509.29998779296875,500.3999938964844,509.29998779296875,49832
2025-12-08,492.79998779296875,503.5,485.1499938964844,503.25,85908
2025-12-09,499.1499938964844,509.0,487.0,490.0,117226
2025-12-10,500.20001220703125,507.8999938964844,495.0,498.70001220703125,69201
2025-12-11,495.70001220703125,502.0,492.5,502.0,46223
2025-12-12,489.45001220703125,500.3500061035156,483.0,498.0,124591
2025-12-15,501.8500061035156,506.79998779296875,487.04998779296875,488.1499938964844,74950
2025-12-16,508.0,514.75,493.20001220703125,501.8500061035156,128606
2025-12-17,497.04998779296875,505.6000061035156,492.95001220703125,505.5,116743
2025-12-18,501.75,520.0,485.54998779296875,497.8999938964844,160583
2025-12-19,511.25,519.0,496.75,503.95001220703125,200496
2025-12-22,518.4000244140625,523.8499755859375,508.1000061035156,511.25,123708
2025-12-23,514.5499877929688,521.9000244140625,512.1500244140625,521.0999755859375,89409
2025-12-24,523.7000122070312,526.0,511.6499938964844,515.9500122070312,95763
2025-12-26,528.7000122070312,543.9000244140625,519.0,523.5999755859375,202376
2025-12-29,536.75,538.2999877929688,525.5,529.8499755859375,88908
2025-12-30,548.75,555.0,531.0,540.0,138223
2025-12-31,557.1500244140625,560.0999755859375,542.2999877929688,551.4500122070312,115055
2026-01-01,554.0,560.0,548.0999755859375,560.0,64622
2026-01-02,562.7000122070312,566.6500244140625,550.0499877929688,550.2999877929688,101450
2026-01-05,574.0999755859375,578.0,554.4500122070312,565.0,155775
2026-01-06,559.7000122070312,575.0,554.0,574.7999877929688,78243
2026-01-07,533.3499755859375,553.0999755859375,530.3499755859375,553.0999755859375,186925
2026-01-08,513.7000122070312,532.4500122070312,509.20001220703125,532.0,100721
2026-01-09,515.9000244140625,522.9500122070312,511.8999938964844,513.0,68126
2026-01-12,515.5999755859375,519.5999755859375,502.04998779296875,515.8499755859375,79834
2026-01-13,510.95001220703125,525.2000122070312,506.0,515.5999755859375,85804
2026-01-14,510.5,516.75,508.04998779296875,510.0,58487
2026-01-16,546.2999877929688,570.9000244140625,505.04998779296875,512.0,326148
2026-01-19,545.2000122070312,554.25,532.0999755859375,544.0,144264
2026-01-20,535.0999755859375,542.75,516.0,540.0,208695
2026-01-21,534.25,549.0,517.2999877929688,525.0,190036
2026-01-22,548.3499755859375,552.0,534.25,534.25,68741
2026-01-23,552.7999877929688,559.0,536.8499755859375,552.9500122070312,102826
2026-01-27,568.5999755859375,574.0,544.0,553.0,209737
2026-01-28,564.9500122070312,571.5999755859375,556.0,569.0,147640
2026-01-29,564.0,573.0,551.5499877929688,565.0,100319
2026-01-30,566.0499877929688,571.9000244140625,547.0999755859375,555.5499877929688,122440
2026-02-02,571.8499755859375,584.4500122070312,563.2999877929688,580.0,165677
2026-02-03,584.9500122070312,587.5999755859375,566.7999877929688,580.0,136242
2026-02-04,592.25,596.0499877929688,575.3499755859375,586.75,138761
2026-02-05,596.1500244140625,603.8499755859375,540.0,570.0,562565
2026-02-06,580.2000122070312,595.0,571.0,595.0,131455
